cgpa,python,sql,java,cpp,javascript,machine_learning,statistics,data_visualization,communication,problem_solving,leadership,cloud_computing,cybersecurity,ui_ux_design,technology_interest,data_science_interest,business_interest,design_interest,research_interest,security_interest,career
8.16,1,1,1,1,0,1,1,1,1,1,0,1,0,0,1,1,0,0,1,0,AI/ML Engineer
7.62,1,0,1,1,0,0,0,0,1,1,0,1,1,0,1,1,0,0,1,1,Cybersecurity Analyst
7.71,1,1,1,0,0,0,1,1,1,1,0,0,1,1,1,1,1,0,0,0,Business Analyst
8.08,1,1,1,1,0,0,0,1,1,0,0,0,1,0,1,0,0,0,0,0,Software Developer
8.19,1,1,1,0,0,0,0,1,1,1,0,0,0,1,0,1,0,1,1,0,Data Analyst
7.37,1,1,1,1,1,1,0,0,1,1,0,0,1,0,0,0,0,0,0,1,Cybersecurity Analyst
8.08,1,0,1,0,0,0,0,0,1,1,1,0,1,0,1,0,1,1,1,1,Cybersecurity Analyst
6.93,0,0,0,0,1,0,0,1,1,1,0,0,0,1,1,1,1,1,0,0,UI/UX Designer
7.71,1,1,0,0,0,1,1,1,1,1,1,0,0,0,1,1,0,1,1,0,Data Analyst
9.03,1,1,1,1,0,1,1,1,1,1,0,1,0,1,1,1,0,1,1,0,AI/ML Engineer
8.49,1,1,0,0,0,0,0,1,1,1,1,0,0,0,1,1,0,0,0,0,Data Analyst
8.01,1,1,1,1,1,0,0,0,1,1,1,1,0,1,1,0,1,0,1,0,Software Developer
7.71,0,0,0,0,0,0,1,1,1,1,0,0,0,1,0,1,1,0,0,0,Business Analyst
7.61,1,1,0,1,0,1,1,0,1,1,0,0,1,0,1,0,0,0,0,1,Cybersecurity Analyst
6.77,1,0,1,1,1,0,1,0,0,1,1,0,1,1,1,1,0,1,0,0,Software Developer
7.61,0,1,0,0,1,1,0,1,1,1,0,1,1,1,0,1,0,0,1,0,Data Analyst
7.93,1,1,0,0,0,0,1,1,1,1,0,1,1,0,0,0,0,0,1,0,Data Analyst
8.47,1,0,0,1,0,0,0,0,0,1,1,1,1,0,1,1,0,0,1,1,Cybersecurity Analyst
8.81,1,0,0,1,0,1,1,1,1,0,0,0,0,0,1,1,0,0,1,0,AI/ML Engineer
8.58,1,1,1,0,0,1,1,1,1,1,1,0,0,0,1,1,0,0,1,0,AI/ML Engineer
8.6,1,1,0,0,0,0,0,1,1,1,1,0,1,0,1,0,1,1,0,0,Business Analyst
7.0,0,0,0,0,1,0,0,1,1,1,1,0,0,1,0,0,0,1,0,0,UI/UX Designer
7.79,1,1,1,1,1,0,0,0,0,1,0,0,0,0,1,0,1,0,0,0,Software Developer
8.65,1,0,0,1,1,0,0,0,1,0,0,1,1,0,0,0,0,0,0,1,Cybersecurity Analyst
7.11,1,1,0,0,0,0,1,1,1,1,1,0,0,0,0,1,1,1,0,0,Business Analyst
7.68,1,1,1,1,0,1,1,1,1,1,0,1,0,0,1,1,1,0,1,0,AI/ML Engineer
8.05,1,0,1,1,0,0,0,0,1,0,0,1,1,0,1,1,0,0,1,1,Cybersecurity Analyst
7.82,0,1,0,0,1,0,1,1,1,1,0,0,0,1,0,1,1,0,1,0,Data Analyst
8.01,1,0,1,0,1,1,1,1,1,0,0,1,0,0,1,1,0,0,1,0,AI/ML Engineer
8.04,1,1,1,0,0,1,1,0,1,1,0,1,0,0,1,1,0,0,1,0,AI/ML Engineer
8.34,1,1,1,1,1,0,0,0,0,1,0,1,1,0,1,0,0,0,0,0,Software Developer
7.75,0,1,1,0,0,0,0,1,1,1,1,1,0,1,1,1,1,1,0,0,Business Analyst
6.82,1,1,0,0,0,0,0,1,1,1,1,0,0,0,0,1,1,0,1,0,Data Analyst
7.94,1,0,1,0,0,0,1,1,1,1,0,1,1,0,1,0,1,1,0,1,Cybersecurity Analyst
8.6,1,1,0,0,0,0,0,0,1,1,0,0,0,0,0,1,1,0,0,0,Data Analyst
8.59,1,1,1,0,1,1,0,1,1,1,0,0,0,1,1,1,1,0,0,1,Data Analyst
7.11,1,0,0,1,0,0,0,0,1,1,0,1,1,0,1,1,0,0,0,1,Cybersecurity Analyst
8.74,0,0,0,0,0,0,0,1,1,0,0,0,0,1,1,0,0,1,1,0,UI/UX Designer
7.41,0,0,0,0,0,0,0,1,1,1,0,0,0,0,1,1,0,0,0,0,Business Analyst
7.39,1,1,0,1,0,1,1,1,1,1,1,1,0,0,1,1,1,0,1,0,AI/ML Engineer
8.6,1,1,0,1,0,1,1,0,1,0,0,0,0,0,1,1,0,0,0,0,AI/ML Engineer
8.73,0,0,0,1,1,1,1,1,1,1,0,0,0,0,1,1,1,0,1,0,AI/ML Engineer
8.27,0,0,0,0,0,0,0,1,1,1,1,0,0,1,1,0,0,1,0,0,UI/UX Designer
7.5,1,1,0,1,0,0,0,1,1,1,0,0,1,0,1,0,0,0,1,1,Cybersecurity Analyst
7.96,1,1,1,0,0,1,1,1,0,1,0,1,0,0,1,1,1,1,0,0,Data Analyst
7.86,1,1,0,0,0,1,0,1,1,1,1,0,0,0,1,1,0,0,0,0,Data Analyst
8.62,1,1,0,0,0,1,1,0,1,1,0,0,0,0,1,1,1,0,1,0,AI/ML Engineer
8.69,0,0,1,0,1,0,0,0,0,1,1,0,0,1,1,0,1,1,0,0,UI/UX Designer
9.28,1,1,0,0,0,1,1,1,1,1,0,1,0,0,1,1,0,0,1,1,AI/ML Engineer
8.73,1,1,0,0,0,1,1,1,0,1,0,0,0,0,1,1,0,1,1,0,AI/ML Engineer
8.27,1,0,0,0,1,0,0,1,1,0,0,1,0,0,1,0,1,0,1,0,Software Developer
8.43,1,1,1,1,0,1,1,1,1,1,1,0,0,0,1,1,0,0,1,0,AI/ML Engineer
8.2,0,1,0,0,1,0,1,1,1,0,1,0,0,1,0,0,1,1,1,0,Business Analyst
7.96,1,1,0,0,0,0,1,1,1,1,1,0,0,0,1,1,1,1,0,0,Business Analyst
9.22,1,0,0,1,1,1,1,1,1,1,0,0,0,0,1,1,0,0,1,0,AI/ML Engineer
7.46,0,1,0,1,0,0,1,1,1,1,0,0,0,0,1,0,1,0,0,1,Business Analyst
6.63,0,0,0,0,1,0,0,1,1,1,0,1,0,1,1,0,1,1,1,0,UI/UX Designer
8.92,1,1,0,0,0,0,1,0,1,1,0,0,0,0,0,1,1,1,0,0,Data Analyst
7.95,0,0,0,0,0,0,0,1,1,1,0,0,0,1,0,0,0,1,0,0,UI/UX Designer
8.48,1,1,1,1,0,0,1,1,1,1,1,0,1,0,1,1,0,0,1,0,Software Developer
6.6,0,0,0,1,1,0,0,1,1,1,0,1,0,1,1,0,0,1,1,0,UI/UX Designer
7.07,1,0,0,1,0,0,0,0,0,1,1,0,1,0,1,0,0,0,1,1,Cybersecurity Analyst
8.38,0,1,0,0,0,0,0,1,1,1,1,1,0,0,0,0,1,0,0,0,Business Analyst
7.97,1,0,1,1,1,1,1,0,1,1,0,0,0,1,1,0,0,1,0,0,Software Developer
8.98,1,1,0,0,0,0,1,1,1,1,0,0,0,0,1,1,0,0,1,1,AI/ML Engineer
6.67,1,1,0,0,0,0,1,1,1,1,1,0,0,0,0,0,1,0,0,0,Business Analyst
8.49,1,0,1,1,0,1,1,1,1,1,1,1,0,0,1,1,0,0,1,0,AI/ML Engineer
8.68,1,1,0,1,0,1,1,1,1,1,0,0,0,1,1,1,0,0,1,0,AI/ML Engineer
7.26,1,1,1,1,1,0,1,1,0,0,0,0,0,0,1,0,1,1,0,0,Software Developer
7.8,1,1,0,0,0,0,1,0,1,0,1,1,0,1,0,1,1,0,1,1,Business Analyst
8.34,1,1,0,0,1,1,1,1,1,1,1,0,0,0,0,0,1,0,0,0,Business Analyst
8.19,1,1,1,1,0,0,0,0,0,1,0,1,0,1,1,0,1,0,0,0,Software Developer
8.16,1,0,1,0,0,1,1,1,1,1,1,1,0,0,1,1,0,1,0,0,AI/ML Engineer
8.27,0,1,0,1,0,1,1,1,1,1,0,0,0,0,1,1,0,0,1,0,AI/ML Engineer
7.16,1,1,1,0,0,0,0,0,1,1,0,1,0,0,1,1,1,1,0,0,Business Analyst
7.6,1,1,0,0,0,0,1,1,1,1,1,0,0,0,1,0,1,0,1,0,Business Analyst
7.93,1,1,0,1,0,0,0,0,0,1,0,1,1,0,1,0,0,0,0,1,Cybersecurity Analyst
7.13,1,0,0,1,0,0,0,0,1,0,1,0,1,0,1,0,0,0,0,1,Cybersecurity Analyst
7.74,0,0,0,0,1,0,1,0,1,0,0,0,0,1,0,0,1,1,0,0,UI/UX Designer
7.72,1,1,0,0,0,1,1,1,1,1,0,0,0,0,0,1,1,0,0,0,Data Analyst
9.46,1,0,0,1,0,1,1,0,0,1,0,1,0,0,1,1,0,0,0,0,AI/ML Engineer
7.48,0,1,0,0,0,0,1,1,1,1,1,0,0,1,1,0,1,0,0,0,Business Analyst
6.88,1,0,0,0,1,1,0,1,1,1,0,0,0,1,0,0,1,1,0,0,UI/UX Designer
8.03,1,1,0,0,0,1,1,0,1,1,0,1,0,0,1,1,1,0,0,0,AI/ML Engineer
7.98,1,0,0,1,0,0,0,0,1,1,1,1,1,0,1,0,0,0,0,0,Cybersecurity Analyst
8.33,1,1,0,1,0,1,0,1,1,1,0,0,0,0,1,1,1,1,0,0,Data Analyst
7.64,1,1,0,0,0,0,1,0,1,1,0,0,0,0,1,1,1,0,0,0,Data Analyst
8.23,0,1,1,1,1,0,0,1,0,1,0,0,0,0,1,0,1,1,0,0,Software Developer
7.77,1,1,0,0,0,1,1,0,0,1,1,0,0,0,1,0,0,0,1,0,AI/ML Engineer
7.81,1,1,0,0,0,0,1,1,1,1,1,0,0,1,1,1,1,1,0,0,Data Analyst
8.31,0,1,0,0,0,1,1,1,1,1,0,0,0,0,1,1,1,0,1,0,Data Analyst
7.86,1,1,0,0,0,0,1,1,1,0,0,0,0,1,0,1,1,0,0,0,Data Analyst
8.37,1,1,0,1,0,1,0,1,1,1,1,0,0,0,1,1,0,0,0,0,AI/ML Engineer
7.65,0,1,0,0,0,0,1,1,1,1,1,0,1,0,0,0,1,0,0,0,Business Analyst
9.62,0,1,1,0,1,0,0,0,0,1,1,0,0,0,0,0,0,0,0,0,Software Developer
8.18,1,1,1,1,0,0,0,0,1,1,1,0,1,0,1,0,0,0,0,0,Software Developer
9.6,0,0,1,0,1,0,0,1,1,1,0,0,0,1,1,0,0,1,0,0,UI/UX Designer
8.73,1,0,0,0,0,1,1,0,1,1,0,1,1,0,1,0,0,0,0,1,Cybersecurity Analyst
7.34,1,1,0,0,1,0,1,1,0,1,0,0,0,0,0,1,0,0,0,0,Data Analyst
7.16,1,1,1,1,1,0,0,0,1,1,0,1,0,0,1,0,0,0,0,0,Software Developer
8.11,0,1,0,0,0,0,0,1,1,1,1,0,0,0,0,1,1,1,0,1,Business Analyst
8.83,0,0,0,0,1,0,1,1,0,1,1,0,0,1,0,0,1,1,0,0,UI/UX Designer
7.69,1,0,0,0,1,0,1,1,1,1,0,0,0,0,1,1,1,1,0,0,Business Analyst
8.02,1,1,0,1,1,0,0,0,0,1,0,0,1,1,1,0,0,0,0,0,Software Developer
8.34,1,0,0,0,0,0,0,0,1,1,0,0,0,1,0,0,0,1,1,1,UI/UX Designer
7.55,1,0,1,1,0,0,1,0,0,1,0,0,1,0,1,1,0,0,0,1,Cybersecurity Analyst
8.69,1,1,0,0,0,1,1,1,1,1,1,0,0,1,1,1,0,0,1,0,AI/ML Engineer
8.98,1,0,1,1,1,0,0,0,1,1,0,1,1,0,1,0,1,0,0,1,Cybersecurity Analyst
7.6,1,1,1,1,1,0,1,0,1,1,1,1,1,0,1,1,1,0,1,1,Cybersecurity Analyst
8.11,0,0,1,0,0,0,0,1,0,1,0,0,0,1,1,0,0,0,0,0,Software Developer
7.69,0,1,0,1,0,0,1,1,1,1,0,0,0,0,1,1,1,1,0,1,Data Analyst
8.05,1,1,1,1,1,0,1,0,1,1,1,0,0,0,1,0,0,1,0,0,Software Developer
8.15,0,1,0,0,0,0,1,1,1,0,1,0,0,0,0,1,1,0,1,0,Business Analyst
7.28,1,1,1,1,0,0,1,0,0,1,0,1,1,0,1,1,0,1,0,0,Software Developer
7.83,0,1,1,1,1,0,1,0,0,1,1,0,0,0,1,0,0,1,1,1,Cybersecurity Analyst
8.71,0,1,1,1,0,0,0,0,0,1,0,0,0,0,1,0,1,0,0,1,Software Developer
7.74,1,1,1,1,1,0,1,0,1,1,0,0,0,0,1,1,1,1,0,0,Software Developer
8.04,0,0,0,0,0,0,0,1,1,1,1,0,0,1,1,0,0,1,0,0,UI/UX Designer
7.42,1,1,1,1,1,0,1,0,1,1,0,0,1,0,1,0,0,0,1,0,Software Developer
8.7,0,1,1,1,0,0,1,1,1,0,1,0,1,0,1,1,0,1,0,0,Software Developer
6.87,0,0,0,0,1,0,0,1,1,1,1,0,0,1,1,0,0,1,0,0,UI/UX Designer
7.52,0,1,1,0,1,0,1,1,1,1,1,0,0,0,1,1,1,0,1,0,Business Analyst
7.89,1,1,0,1,0,1,1,1,1,1,0,1,0,0,1,1,1,0,1,0,AI/ML Engineer
8.43,1,1,0,1,1,0,0,1,1,1,1,0,0,1,1,0,1,1,1,0,UI/UX Designer
7.78,0,1,1,1,0,0,0,0,0,1,0,1,1,0,1,0,1,0,1,1,Cybersecurity Analyst
8.41,1,1,0,1,0,1,1,1,0,1,1,0,0,0,1,1,0,0,1,1,AI/ML Engineer
8.09,1,0,1,1,1,0,0,0,0,1,0,1,0,1,1,0,0,1,0,0,Software Developer
6.94,1,0,0,0,1,0,0,1,1,1,0,0,0,1,1,0,0,1,0,0,UI/UX Designer
7.11,0,0,0,0,0,0,0,0,1,1,1,0,0,1,1,0,0,0,1,0,UI/UX Designer
7.71,1,1,0,1,1,0,0,0,1,0,0,0,1,0,1,0,0,0,0,1,Cybersecurity Analyst
6.54,0,0,0,0,0,0,0,0,1,0,0,1,0,1,1,0,0,1,0,0,UI/UX Designer
8.2,1,1,0,0,0,1,1,1,1,1,1,1,0,0,1,1,1,0,0,0,Data Analyst
7.85,1,0,1,0,1,1,0,0,0,1,0,0,0,1,1,0,1,1,0,0,Software Developer
7.31,1,1,1,1,1,0,1,0,1,1,0,0,0,0,1,0,1,0,0,1,Software Developer
7.86,0,1,0,0,0,1,1,0,1,1,1,0,0,0,0,0,1,0,0,0,Business Analyst
8.23,1,0,0,0,0,1,1,1,1,1,0,0,0,0,1,1,0,0,1,0,AI/ML Engineer
7.92,1,1,0,0,0,1,1,1,0,1,0,0,0,0,1,1,0,0,0,0,Data Analyst
9.23,1,1,0,1,0,0,0,0,1,1,1,0,1,0,1,0,0,0,0,1,Cybersecurity Analyst
7.12,0,1,0,1,0,0,0,1,1,1,1,1,1,0,1,0,0,0,1,1,Cybersecurity Analyst
8.35,1,1,0,1,0,0,1,1,1,1,1,0,0,0,1,0,1,0,0,0,Business Analyst
8.16,1,1,0,0,0,0,0,1,0,0,0,0,0,0,1,1,1,0,0,0,Data Analyst
8.06,1,1,1,1,1,1,0,0,0,1,0,0,0,0,1,0,0,0,0,1,Software Developer
9.04,1,1,0,0,1,0,0,1,1,1,0,0,0,1,1,0,1,1,0,0,UI/UX Designer
8.45,0,1,1,0,1,0,0,0,0,1,0,0,0,0,1,0,0,0,0,0,Software Developer
7.54,0,0,0,0,1,0,0,1,1,1,0,0,0,1,0,0,1,1,0,1,UI/UX Designer
7.59,1,1,0,0,0,0,1,1,0,1,0,0,0,0,0,1,1,0,0,0,Data Analyst
7.46,1,1,0,0,0,0,1,1,1,0,0,0,0,0,1,1,1,0,0,0,Data Analyst
8.21,1,1,0,0,1,1,1,1,1,1,1,0,0,0,0,1,1,0,0,0,Data Analyst
7.5,1,0,0,0,0,1,0,1,1,1,0,0,0,1,0,1,1,1,0,1,Data Analyst
8.63,1,1,0,0,0,1,0,1,0,0,0,0,0,0,1,1,1,0,0,0,Data Analyst
7.08,1,1,1,1,1,0,1,0,1,1,0,1,0,0,1,0,0,0,0,1,Software Developer
7.88,0,1,0,0,1,0,0,0,0,0,1,0,0,1,1,0,1,0,0,0,Business Analyst
8.62,1,1,0,0,0,1,1,1,1,1,0,1,0,1,1,1,0,0,0,0,Data Analyst
7.28,0,0,0,0,1,0,0,1,1,0,1,0,0,1,1,0,0,1,1,0,UI/UX Designer
7.93,1,1,0,1,0,0,1,1,0,0,0,0,1,0,1,0,1,0,0,1,Cybersecurity Analyst
9.21,1,1,0,0,0,0,0,0,1,1,0,1,1,0,1,0,0,0,1,1,Cybersecurity Analyst
7.48,0,0,0,1,0,0,0,0,0,1,1,1,1,0,1,0,0,0,0,1,Cybersecurity Analyst
8.44,1,0,0,0,0,1,1,1,1,1,1,1,1,0,1,1,0,0,1,0,AI/ML Engineer
6.81,1,0,1,1,1,1,0,0,1,1,0,0,0,0,1,0,0,0,1,0,Software Developer
7.23,1,0,1,1,0,0,1,0,1,1,0,0,1,0,1,0,0,0,0,1,Cybersecurity Analyst
9.15,0,1,1,0,0,0,0,1,1,1,1,0,0,0,1,1,1,0,0,0,Business Analyst
7.59,0,0,0,0,0,1,0,1,1,1,0,0,0,1,1,0,1,1,1,0,UI/UX Designer
8.37,0,0,0,0,0,1,1,0,0,1,0,1,1,0,1,1,0,0,0,1,Cybersecurity Analyst
8.67,0,0,0,0,1,0,0,1,1,1,0,0,0,1,1,0,1,1,1,0,UI/UX Designer
7.86,1,1,1,1,0,1,1,0,0,1,0,0,1,0,1,1,1,0,0,1,Cybersecurity Analyst
7.02,0,1,0,0,1,0,1,0,1,1,0,0,0,0,0,1,1,0,1,0,Business Analyst
8.74,1,0,0,1,1,1,1,1,1,1,0,1,1,0,1,1,0,1,1,1,AI/ML Engineer
8.46,1,1,0,0,0,1,1,1,1,1,0,0,0,0,1,1,1,0,1,0,Data Analyst
8.05,1,1,0,1,0,1,1,1,1,1,0,0,0,0,0,1,0,1,1,0,AI/ML Engineer
8.15,1,1,0,0,1,0,1,1,1,1,1,0,1,0,0,0,1,1,0,0,Data Analyst
7.87,0,1,0,0,0,0,1,1,1,1,0,0,0,0,1,1,1,0,0,0,Data Analyst
8.69,1,1,0,1,0,1,1,1,1,1,0,1,0,0,1,1,0,0,1,0,AI/ML Engineer
7.11,1,1,1,0,0,0,1,1,1,1,0,0,0,0,1,1,1,1,0,0,Data Analyst
8.47,1,1,1,1,0,0,1,0,0,1,0,0,0,1,1,1,0,1,0,0,Software Developer
7.03,1,1,1,1,1,0,1,1,0,1,0,1,1,0,1,0,0,0,0,0,Software Developer
8.08,0,0,1,1,1,0,1,0,0,1,1,0,0,0,1,1,0,0,0,1,Software Developer
6.91,1,0,0,0,1,0,1,1,1,1,1,0,0,1,1,1,0,1,0,0,UI/UX Designer
8.04,1,0,0,0,0,0,1,1,0,1,0,0,0,1,1,1,0,0,0,0,Data Analyst
7.65,0,0,0,0,1,0,0,1,0,1,1,0,0,1,1,0,1,1,1,0,UI/UX Designer
8.83,1,0,0,1,0,1,1,1,0,1,0,0,0,0,0,1,1,0,0,0,AI/ML Engineer
8.98,1,1,1,1,1,1,0,0,1,1,1,0,0,0,1,0,0,0,0,0,Software Developer
8.11,1,0,1,1,0,0,1,1,1,1,1,0,0,0,0,1,0,0,1,0,AI/ML Engineer
7.41,1,0,0,0,1,0,0,1,1,1,1,1,0,1,0,0,0,1,0,0,UI/UX Designer
8.14,0,1,1,1,1,1,1,1,0,1,0,0,1,0,1,0,1,0,0,1,Cybersecurity Analyst
8.18,1,0,1,1,0,0,0,0,1,0,0,0,1,0,1,0,0,0,1,1,Cybersecurity Analyst
6.69,1,1,0,1,0,0,1,0,0,1,0,1,1,0,1,0,0,0,1,1,Cybersecurity Analyst
8.06,1,1,1,0,0,0,1,1,0,1,0,0,0,0,1,1,0,0,1,0,Data Analyst
6.71,1,0,0,1,1,0,0,0,0,1,0,1,1,0,1,0,0,0,1,0,Cybersecurity Analyst
8.38,1,1,1,1,0,0,0,0,1,1,0,1,1,0,1,1,1,0,0,1,Cybersecurity Analyst
6.92,1,0,1,1,0,0,0,0,1,1,0,0,0,0,1,1,1,1,1,0,Software Developer
8.03,1,1,1,1,1,1,1,0,1,1,0,0,0,0,1,0,0,0,0,0,Software Developer
8.2,0,1,1,0,0,1,1,1,1,1,1,0,0,1,0,0,1,0,0,1,Business Analyst
8.5,1,0,1,0,0,0,1,1,1,1,1,0,0,1,0,1,1,0,0,0,Business Analyst
7.23,0,0,0,0,0,0,0,1,1,1,0,0,0,1,1,0,1,1,0,0,UI/UX Designer
6.88,1,0,0,0,0,0,1,1,1,0,1,0,0,1,1,1,1,0,0,0,Business Analyst
8.23,0,1,1,0,0,0,0,1,1,0,1,0,0,0,0,0,1,0,0,0,Business Analyst
7.86,1,1,1,0,0,1,1,1,1,1,1,0,0,0,1,1,1,0,0,0,Data Analyst
8.62,0,0,0,0,0,0,0,1,0,0,1,0,0,0,1,1,1,1,0,0,Business Analyst
8.0,0,1,0,1,1,0,0,1,1,1,0,0,0,1,1,0,1,1,0,0,UI/UX Designer
8.0,1,0,1,1,0,1,1,0,1,1,0,0,0,0,1,1,1,0,1,0,AI/ML Engineer
7.85,1,1,1,0,1,0,0,0,1,0,0,0,0,1,1,0,0,0,0,0,Software Developer
7.51,0,0,1,0,0,0,0,0,1,1,1,0,0,1,1,0,1,1,1,0,UI/UX Designer
8.78,0,1,0,0,1,0,0,1,1,1,1,0,0,1,0,0,1,1,0,0,UI/UX Designer
8.19,1,1,0,0,0,0,1,1,0,1,0,0,0,1,0,1,1,0,1,0,Data Analyst
8.64,0,0,0,0,0,0,0,1,1,1,1,0,0,1,0,0,1,1,0,0,UI/UX Designer
7.68,0,0,0,0,1,0,0,1,1,1,0,0,0,1,1,0,1,1,0,0,UI/UX Designer
8.49,1,1,1,1,1,0,1,1,1,1,0,0,0,0,0,1,1,0,0,0,Data Analyst
7.13,1,0,0,0,0,0,0,0,1,1,0,0,1,1,1,0,0,0,1,1,Cybersecurity Analyst
7.98,1,1,0,0,0,0,1,1,1,1,1,1,1,0,1,0,1,1,0,0,Data Analyst
7.0,1,1,0,1,1,1,0,1,1,1,0,0,1,0,1,1,0,0,1,0,AI/ML Engineer
6.69,0,0,0,1,1,0,0,0,1,1,0,0,0,1,0,1,1,1,0,0,UI/UX Designer
7.04,0,1,1,1,0,0,0,0,1,1,1,0,0,1,1,0,0,0,0,0,Software Developer
7.69,1,1,1,0,0,0,1,0,1,1,1,0,1,0,1,0,1,0,0,1,Cybersecurity Analyst
6.91,1,0,1,1,1,0,0,0,1,1,0,0,0,0,1,0,0,1,0,0,Software Developer
9.01,0,1,0,0,0,0,1,1,1,1,1,0,0,0,1,0,1,1,0,0,Business Analyst
8.3,0,0,0,0,0,1,0,1,1,1,1,0,0,0,1,1,1,0,0,1,Business Analyst
6.48,0,0,0,0,1,0,0,0,1,0,0,0,0,1,0,1,0,1,0,0,UI/UX Designer
6.98,0,1,1,1,1,1,0,0,0,1,1,0,0,0,1,1,0,1,0,0,Software Developer
8.08,1,1,1,0,0,1,0,0,0,0,0,1,0,0,1,0,1,0,1,0,Software Developer
7.04,0,0,0,1,1,0,0,1,1,1,1,0,0,1,1,1,0,1,0,0,UI/UX Designer
7.41,0,0,1,0,1,0,0,0,0,0,0,0,0,1,1,0,0,1,1,0,UI/UX Designer
8.05,1,1,1,1,0,1,1,0,1,1,0,0,0,1,1,1,0,0,0,0,AI/ML Engineer
8.31,1,1,0,1,0,0,0,0,0,1,0,1,1,0,1,1,0,0,0,1,Cybersecurity Analyst
7.15,1,1,0,0,0,1,1,1,1,1,0,0,0,1,1,1,1,0,0,0,Data Analyst
7.0,0,1,0,0,0,0,0,1,1,0,1,1,0,0,0,1,1,1,0,0,Business Analyst
8.28,1,0,0,1,0,1,1,1,1,1,1,0,0,0,1,1,0,0,1,1,AI/ML Engineer
8.07,1,1,0,0,1,0,1,1,1,1,1,0,0,0,0,1,1,1,1,0,Data Analyst
7.15,0,0,0,0,1,0,0,1,1,1,1,0,0,1,1,0,0,1,1,0,UI/UX Designer
7.76,0,1,0,0,1,0,1,1,1,1,1,0,0,0,0,1,1,0,1,0,Business Analyst
7.03,0,1,1,1,0,1,1,1,1,1,0,0,0,0,1,0,0,0,0,0,Software Developer
8.15,0,1,0,1,0,0,1,1,1,1,1,0,0,0,1,1,1,1,0,0,Business Analyst
7.73,1,1,1,1,1,1,0,0,1,1,0,0,0,1,1,0,0,0,0,1,Software Developer
8.78,1,0,0,0,1,1,1,1,0,1,1,1,0,1,1,1,0,0,1,0,AI/ML Engineer
6.52,0,1,0,1,0,0,1,1,1,1,0,0,0,0,1,0,1,1,0,0,Business Analyst
8.88,1,1,1,1,0,0,0,1,1,1,0,0,0,1,1,0,0,1,0,0,Software Developer
6.53,0,0,0,0,1,0,0,0,1,0,0,0,0,1,1,1,1,1,0,0,UI/UX Designer
9.47,1,1,0,1,0,1,1,1,1,0,0,0,0,0,1,1,1,0,1,0,AI/ML Engineer
7.92,1,0,0,1,1,0,0,1,1,1,0,1,1,0,1,0,0,0,0,1,Cybersecurity Analyst
7.37,1,1,0,1,1,0,1,1,0,1,0,0,1,0,1,0,1,0,0,1,Cybersecurity Analyst
7.33,1,0,0,1,0,0,1,0,1,1,0,1,1,0,1,0,0,0,0,1,Cybersecurity Analyst
7.75,0,1,0,0,0,0,0,1,1,1,1,1,0,1,0,0,1,0,1,0,Business Analyst
6.92,0,1,0,0,0,0,1,1,1,0,1,0,0,1,0,0,1,0,0,0,Business Analyst
7.31,0,1,0,1,0,0,0,1,1,1,1,0,1,0,1,0,0,0,1,1,Cybersecurity Analyst
7.98,0,0,0,0,0,0,0,1,1,0,1,1,0,1,0,1,0,1,0,0,UI/UX Designer
9.9,1,0,0,1,0,1,1,0,0,1,0,0,0,0,1,1,1,0,1,0,AI/ML Engineer
8.33,1,0,0,0,0,0,0,1,1,1,1,1,0,0,0,0,1,1,0,0,Business Analyst
7.59,1,0,0,0,0,0,0,0,0,1,0,1,1,0,1,0,0,0,1,1,Cybersecurity Analyst
7.82,0,0,0,0,0,0,0,1,1,0,0,0,0,1,1,0,1,1,0,0,UI/UX Designer
7.28,1,1,1,0,0,0,1,1,1,1,0,0,0,0,1,1,1,0,0,0,Data Analyst
8.32,1,1,0,0,0,0,1,1,1,1,0,0,0,1,1,1,1,1,0,0,Business Analyst
7.61,0,1,1,0,1,0,1,1,1,0,1,0,0,0,1,0,1,0,0,0,Business Analyst
7.3,1,1,0,1,0,0,0,1,1,1,0,0,1,0,0,0,1,0,0,0,Cybersecurity Analyst
7.33,1,1,1,1,1,0,0,0,1,1,1,0,0,1,1,0,0,0,1,0,Software Developer
8.57,0,0,1,1,0,0,0,0,1,1,0,1,1,0,1,0,1,1,1,1,Cybersecurity Analyst
8.34,1,1,1,1,0,1,1,1,1,1,0,1,0,0,1,1,1,0,1,0,AI/ML Engineer
7.6,1,0,0,0,0,0,0,0,1,1,0,0,0,1,1,0,1,0,0,0,UI/UX Designer
7.1,1,1,1,1,1,0,1,0,1,1,0,0,0,1,1,0,0,1,0,0,Software Developer
8.42,1,0,1,0,0,1,1,1,1,1,1,1,0,0,1,1,0,0,1,0,AI/ML Engineer
7.48,1,0,1,0,0,0,0,1,1,1,1,0,0,1,1,1,1,0,0,0,Business Analyst
8.21,0,1,1,0,0,1,1,1,1,1,0,0,0,0,0,1,1,0,1,0,AI/ML Engineer
8.75,0,0,0,0,0,0,0,0,1,0,1,0,0,1,1,0,1,1,1,0,UI/UX Designer
7.96,0,0,0,1,0,0,0,1,0,1,0,0,0,1,1,0,0,1,0,0,UI/UX Designer
7.77,1,1,0,0,1,0,1,1,1,1,1,1,0,1,1,1,1,0,1,1,Data Analyst
7.7,1,1,0,0,1,0,1,1,1,1,0,0,0,0,1,1,0,0,0,0,Data Analyst
7.35,1,0,0,1,0,0,0,0,1,1,0,0,1,0,1,1,0,0,0,1,Cybersecurity Analyst
8.03,0,1,0,0,1,0,1,1,1,1,1,0,0,0,0,1,1,0,0,0,Business Analyst
8.56,1,1,0,0,0,0,1,0,1,1,0,0,0,1,1,1,1,0,0,0,Data Analyst
7.0,0,0,0,0,0,0,0,1,1,1,1,0,0,1,1,1,1,0,0,0,Business Analyst
6.85,1,0,0,0,0,0,1,0,1,1,0,1,1,0,1,0,0,0,0,1,Cybersecurity Analyst
7.31,1,0,0,0,0,0,0,0,1,1,0,0,1,0,1,0,0,0,1,1,Cybersecurity Analyst
7.15,1,1,0,0,0,1,1,1,0,1,0,0,0,0,1,1,1,0,0,0,Data Analyst
7.87,1,1,0,1,1,0,0,1,1,1,0,1,1,0,1,0,1,0,1,1,Cybersecurity Analyst
7.86,1,0,0,1,0,1,1,1,1,1,0,0,1,0,1,1,0,0,1,0,AI/ML Engineer
8.05,1,1,0,0,0,0,1,1,1,0,1,0,0,1,0,1,0,0,1,0,Data Analyst
8.1,0,1,1,0,0,0,0,1,1,0,0,0,0,1,0,0,1,1,1,0,UI/UX Designer
8.1,0,1,1,0,1,1,1,1,1,1,0,1,0,0,1,1,0,0,0,1,AI/ML Engineer
7.65,0,0,0,0,1,0,0,1,1,1,1,0,0,1,1,1,0,1,0,0,UI/UX Designer
9.16,1,1,1,1,0,0,0,0,0,1,0,1,1,0,1,0,0,0,1,1,Cybersecurity Analyst
8.09,1,1,0,1,0,1,1,1,1,1,1,1,0,0,1,1,0,0,1,0,AI/ML Engineer
7.61,0,1,1,0,0,0,1,1,1,0,1,0,0,0,0,1,1,0,0,0,Business Analyst
8.51,1,1,1,1,0,0,0,0,1,1,1,1,1,0,1,0,0,0,1,1,Cybersecurity Analyst
8.72,0,0,0,0,1,0,1,1,1,1,1,0,1,0,0,1,1,0,0,0,Business Analyst
7.88,1,1,1,1,1,1,1,0,1,1,1,0,1,0,1,0,0,0,1,0,Software Developer
6.77,1,1,1,0,1,0,0,1,1,0,1,0,0,1,1,0,1,1,0,0,UI/UX Designer
8.25,1,1,0,0,0,0,0,0,1,1,0,1,1,0,0,0,0,0,0,1,Cybersecurity Analyst
8.22,0,1,1,0,0,0,1,1,1,1,1,0,0,0,1,1,1,0,0,0,Business Analyst
8.18,1,1,0,0,1,0,0,1,1,1,0,0,1,0,1,0,0,1,0,1,Data Analyst
7.68,1,1,0,0,1,0,1,0,1,1,1,0,0,0,0,1,1,1,0,0,Data Analyst
7.27,1,1,0,1,1,1,1,1,1,1,0,0,0,0,1,1,1,0,0,0,Data Analyst
8.04,0,1,0,0,0,0,1,0,1,1,1,0,0,1,0,1,1,0,0,0,Business Analyst
8.54,1,0,0,1,0,1,1,1,1,1,0,1,0,1,1,1,0,0,1,0,AI/ML Engineer
7.43,0,0,0,0,1,0,0,1,1,0,1,0,0,1,1,1,0,1,0,0,UI/UX Designer
7.81,1,1,1,1,0,1,0,0,1,1,0,1,1,0,0,0,0,0,1,1,Cybersecurity Analyst
9.21,1,1,1,1,1,0,0,0,1,1,1,1,0,0,1,0,0,1,0,0,Software Developer
7.28,1,1,1,1,1,0,0,0,0,1,0,0,0,0,1,0,1,1,1,0,Software Developer
9.23,1,1,1,1,1,0,0,0,0,0,1,0,0,1,1,0,0,1,0,1,Software Developer
8.39,1,1,0,0,1,1,1,1,1,1,0,0,0,0,1,1,1,0,1,0,Data Analyst
6.84,0,0,0,0,1,0,0,1,1,1,0,0,0,1,1,0,0,1,0,0,UI/UX Designer
9.12,1,1,0,0,0,1,0,0,1,1,1,0,0,0,1,1,0,0,1,0,AI/ML Engineer
8.3,1,1,0,0,0,0,0,1,1,1,1,0,1,1,1,1,1,0,0,1,Data Analyst
8.55,1,1,0,0,0,0,1,1,1,1,0,0,0,1,1,1,0,1,1,0,Data Analyst
8.56,0,1,0,0,1,0,1,1,1,1,1,0,0,1,1,0,0,1,0,0,UI/UX Designer
8.5,0,0,1,1,1,1,1,0,1,1,1,0,1,0,1,0,0,0,0,0,Software Developer
7.64,1,1,0,0,0,0,1,1,1,1,0,0,0,0,1,1,0,0,0,0,Data Analyst
7.42,1,1,0,1,0,1,1,0,1,1,0,0,0,0,1,1,0,1,1,0,AI/ML Engineer
9.11,1,1,1,1,0,0,1,1,1,1,0,0,0,1,1,1,1,1,0,0,Data Analyst
7.07,0,0,0,1,1,0,0,1,1,0,0,0,0,1,1,0,1,1,0,0,UI/UX Designer
7.95,0,1,1,1,1,0,0,0,0,1,0,0,0,0,1,0,0,1,1,0,Software Developer
8.18,1,0,1,0,0,1,1,1,1,1,0,1,0,0,1,1,0,0,1,0,AI/ML Engineer
9.36,1,1,0,0,0,0,1,1,1,1,0,0,0,0,0,1,1,0,0,0,Business Analyst
7.16,1,0,0,1,0,0,0,1,1,1,0,1,1,0,1,0,0,0,1,1,Cybersecurity Analyst
8.14,1,1,1,0,0,1,0,1,1,1,1,1,0,0,1,0,0,0,0,0,Software Developer
8.1,1,1,0,0,0,0,1,1,1,0,0,0,0,0,1,1,1,1,0,0,Data Analyst
9.8,1,0,1,1,0,0,0,0,0,0,0,1,0,0,1,1,0,0,0,0,Software Developer
8.05,0,0,0,0,0,0,0,1,1,1,1,0,0,1,1,1,0,1,0,0,UI/UX Designer
7.66,1,0,1,1,0,0,0,0,1,0,1,0,0,1,0,0,1,0,1,0,Software Developer
7.93,1,1,1,0,0,1,1,1,1,1,1,1,0,0,0,1,0,0,1,0,AI/ML Engineer
7.52,0,0,0,0,1,0,0,1,1,0,1,0,0,1,1,0,1,1,0,0,UI/UX Designer
7.76,1,1,0,0,0,1,0,1,1,1,1,1,0,0,1,1,1,0,0,0,Data Analyst
7.72,1,1,0,0,0,1,1,1,1,1,1,0,0,1,1,0,1,0,0,0,Data Analyst
8.16,1,1,1,0,0,1,1,1,1,1,0,1,0,0,1,1,1,0,1,0,AI/ML Engineer
9.01,1,0,0,1,0,0,0,0,1,1,0,0,1,0,1,1,0,0,1,1,Cybersecurity Analyst
7.28,1,0,1,1,0,0,1,0,1,1,0,1,1,0,1,0,0,0,1,1,Cybersecurity Analyst
8.06,1,1,1,0,0,1,1,1,1,0,0,0,0,0,1,0,1,0,0,1,Data Analyst
6.78,0,0,1,1,0,0,1,0,0,1,1,0,1,0,1,0,0,1,0,1,Cybersecurity Analyst
8.36,1,1,1,1,1,0,1,0,1,1,1,0,0,0,1,0,1,0,0,0,Software Developer
7.65,0,0,0,1,1,0,0,1,1,1,0,0,0,1,1,0,0,1,0,0,UI/UX Designer
7.8,1,1,1,0,1,1,1,1,1,1,0,0,0,0,1,1,1,1,1,0,Data Analyst
8.48,0,1,1,1,1,0,0,0,1,1,0,1,0,0,1,0,0,1,1,0,Software Developer
8.22,1,1,0,0,0,1,0,1,1,1,1,1,0,0,1,1,1,1,0,1,Data Analyst
8.65,1,0,0,0,1,1,0,0,1,1,0,1,0,1,1,1,0,0,1,0,AI/ML Engineer
8.17,1,1,1,1,1,0,1,0,0,1,0,0,1,0,1,0,0,0,0,0,Software Developer
7.17,1,0,1,0,1,0,1,0,1,0,0,0,1,0,0,0,0,1,1,1,Cybersecurity Analyst
7.75,1,0,0,0,1,0,0,0,1,0,1,0,0,1,1,0,0,1,0,0,UI/UX Designer
8.82,1,1,1,1,0,1,1,1,1,1,0,1,0,0,1,1,1,0,1,1,AI/ML Engineer
8.66,1,1,1,1,1,1,1,0,0,0,0,0,0,0,0,1,0,0,0,0,AI/ML Engineer
8.01,0,1,0,0,0,0,1,1,1,1,1,0,1,1,0,1,1,0,1,0,Business Analyst
7.57,0,1,0,0,0,0,1,1,1,1,0,0,0,0,1,1,1,0,0,0,Data Analyst
7.16,1,1,0,0,0,0,0,1,1,1,0,1,1,0,1,0,0,0,0,1,Cybersecurity Analyst
7.86,0,0,0,0,1,0,0,1,1,1,1,0,0,1,1,0,0,1,0,0,UI/UX Designer
8.56,0,0,0,0,1,0,0,1,1,1,1,0,0,1,1,0,1,0,0,0,Business Analyst
6.48,0,0,0,0,1,0,1,1,1,1,1,0,0,1,1,1,0,1,0,0,UI/UX Designer
7.66,0,1,0,0,1,1,1,0,1,0,0,0,0,1,0,1,1,0,1,0,Data Analyst
8.34,1,1,0,0,0,0,1,1,1,0,1,0,0,1,0,1,1,0,1,0,Business Analyst
8.24,1,1,0,0,0,0,0,1,1,0,0,0,0,1,1,0,1,0,0,0,Business Analyst
7.29,1,1,0,1,1,1,0,0,1,0,0,1,0,0,1,0,1,0,0,1,Cybersecurity Analyst
7.5,1,0,1,1,0,0,0,1,1,1,0,1,0,0,1,0,1,0,0,0,Software Developer
7.86,1,1,0,0,1,0,1,1,1,0,1,0,0,0,1,1,1,0,0,0,Data Analyst
8.89,1,1,1,0,0,0,1,1,1,1,0,0,0,0,1,1,1,1,0,0,Data Analyst
8.56,0,0,0,0,1,0,0,0,1,1,0,1,1,1,1,0,0,1,1,0,UI/UX Designer
8.86,0,1,0,0,1,0,1,1,1,1,1,0,0,1,0,1,1,0,0,0,Business Analyst
8.45,1,1,0,0,0,0,1,1,1,1,0,1,0,0,0,1,1,0,0,0,Business Analyst
8.61,0,1,1,1,1,0,1,0,1,1,0,1,1,0,1,0,0,0,1,1,Cybersecurity Analyst
8.13,1,0,0,0,0,0,1,1,1,1,0,0,0,1,1,1,1,1,0,0,Data Analyst
7.89,1,1,0,0,0,0,1,1,1,0,0,0,0,0,1,1,1,0,0,0,Data Analyst
6.5,1,1,0,1,0,0,0,0,0,1,0,0,1,0,1,0,0,0,1,1,Cybersecurity Analyst
8.24,0,0,1,1,0,0,0,0,0,1,1,0,1,1,1,0,0,0,1,0,Software Developer
8.08,0,0,0,0,1,0,1,1,1,0,1,0,0,1,0,0,1,1,0,0,UI/UX Designer
8.28,1,1,0,1,0,0,0,1,1,1,1,1,1,0,1,0,1,0,0,0,Cybersecurity Analyst
8.91,0,1,0,0,0,0,1,1,1,1,1,0,0,0,1,1,0,0,0,0,Data Analyst
8.45,1,1,1,0,1,1,0,0,0,1,0,0,0,1,1,0,0,0,1,0,Software Developer
7.46,1,0,0,0,0,0,1,1,1,1,1,0,0,0,1,0,1,0,0,0,Business Analyst
8.45,1,1,0,0,1,0,0,1,1,1,0,1,0,0,1,0,1,0,0,0,Business Analyst
6.86,1,0,0,1,1,0,0,1,1,1,0,0,0,1,0,1,0,1,0,0,UI/UX Designer
8.94,1,1,0,0,1,0,0,1,0,1,0,0,0,0,1,1,0,1,0,0,Data Analyst
8.66,1,1,0,1,0,1,0,1,1,1,0,1,0,0,1,1,1,0,1,0,AI/ML Engineer
7.94,1,1,0,1,0,1,1,0,1,1,0,0,0,0,1,1,1,1,1,0,AI/ML Engineer
8.37,1,1,0,0,0,0,1,0,1,1,0,1,1,0,0,1,1,0,1,1,Cybersecurity Analyst
8.43,1,1,1,0,1,1,0,1,1,1,1,0,0,0,1,0,0,0,0,0,Software Developer
7.37,1,1,1,1,1,0,0,1,0,1,0,1,1,1,1,1,0,0,1,0,Software Developer
7.4,1,0,0,1,1,0,0,0,1,1,0,0,0,0,1,1,0,0,0,0,Software Developer
8.5,0,1,0,0,1,0,1,1,1,0,1,0,1,0,0,1,1,0,0,0,Business Analyst
9.25,0,1,0,0,0,0,1,1,1,0,1,0,0,0,1,0,1,0,0,0,Business Analyst
6.41,0,1,0,0,0,0,0,1,1,0,0,1,0,1,1,0,1,1,0,0,UI/UX Designer
7.07,0,0,1,1,1,0,0,1,0,1,1,1,0,0,1,0,0,0,1,0,Software Developer
8.51,1,0,1,0,0,1,0,1,1,1,0,1,1,0,1,1,0,0,0,0,AI/ML Engineer
7.99,1,0,0,1,0,0,0,1,1,1,0,0,1,0,1,0,0,0,1,1,Cybersecurity Analyst
8.22,0,1,1,0,1,0,1,1,1,1,1,0,0,1,1,0,1,1,0,0,UI/UX Designer
8.94,1,0,0,1,0,1,1,1,0,1,0,0,0,0,1,1,0,0,1,0,AI/ML Engineer
8.07,1,0,0,0,1,0,0,0,1,1,1,1,0,1,1,0,0,1,0,0,UI/UX Designer
7.71,1,1,0,0,0,0,1,1,1,1,1,0,0,0,1,0,1,0,0,1,Business Analyst
7.45,0,0,0,0,0,0,0,0,1,1,0,0,0,1,1,0,0,1,0,0,UI/UX Designer
8.86,1,1,1,0,0,1,1,1,1,1,0,0,1,0,1,1,0,0,1,0,AI/ML Engineer
8.59,1,0,1,1,1,0,0,0,0,1,0,1,1,0,1,0,0,0,1,0,Cybersecurity Analyst
7.42,1,1,1,1,1,0,1,0,0,1,1,1,1,0,1,1,0,0,0,1,Cybersecurity Analyst
6.97,1,1,0,0,0,0,0,1,1,1,1,0,0,1,1,1,1,1,1,0,Data Analyst
8.72,1,1,0,1,0,0,1,1,0,0,1,0,1,0,1,0,0,0,0,1,Cybersecurity Analyst
7.55,1,0,1,1,0,1,0,1,0,1,0,0,1,0,1,0,1,1,0,0,Software Developer
8.15,1,1,0,1,0,1,1,0,1,1,0,0,0,0,1,1,0,0,1,0,AI/ML Engineer
8.81,1,1,1,0,1,1,0,0,1,1,0,0,0,0,1,0,1,1,0,0,Software Developer
6.99,1,0,0,0,1,0,0,1,0,0,1,0,0,1,0,1,0,1,0,0,UI/UX Designer
7.41,0,1,0,0,0,0,1,1,1,1,1,0,0,0,1,0,1,0,0,0,Business Analyst
7.3,1,0,1,1,1,1,0,1,0,1,1,1,0,0,1,0,1,0,1,0,Software Developer
7.55,1,1,0,1,0,0,0,0,0,1,0,0,1,0,1,0,0,0,0,1,Cybersecurity Analyst
7.99,0,1,0,1,0,0,0,1,1,1,1,1,0,0,0,1,1,0,1,0,Data Analyst
8.49,1,0,1,0,0,1,1,1,1,1,0,0,0,0,1,1,1,0,0,0,Data Analyst
8.98,0,0,0,0,1,0,0,1,0,0,0,0,0,1,1,0,1,1,0,0,UI/UX Designer
7.8,1,0,1,1,1,1,1,0,1,1,0,0,0,0,1,1,0,0,1,0,AI/ML Engineer
8.92,0,1,1,1,1,1,1,0,0,1,0,1,0,0,1,0,0,1,0,0,Software Developer
8.69,1,1,0,0,0,1,1,1,1,1,1,0,0,0,1,1,1,0,0,0,Business Analyst
7.79,0,0,0,0,0,0,1,1,1,1,1,1,0,1,1,0,1,0,0,1,Business Analyst
7.73,0,1,0,0,0,0,0,1,1,1,1,0,0,0,0,1,1,0,0,0,Business Analyst
8.74,1,1,0,0,0,1,1,0,1,0,0,1,0,0,1,1,0,0,1,0,AI/ML Engineer
8.32,1,1,0,0,0,1,1,1,1,1,0,1,0,0,1,1,0,0,0,0,AI/ML Engineer
7.72,0,1,0,0,1,0,1,1,1,0,1,1,0,0,1,1,0,1,0,0,Data Analyst
8.2,1,1,0,0,0,0,1,1,1,1,1,0,0,0,1,1,1,0,0,0,Data Analyst
7.37,1,1,0,1,0,0,1,1,1,1,0,0,0,0,1,1,0,0,1,0,Data Analyst
7.59,1,0,0,0,1,1,1,0,1,1,0,0,0,0,1,1,0,0,1,0,AI/ML Engineer
8.22,1,0,0,1,0,0,0,0,1,1,1,0,1,0,1,0,1,0,1,1,Cybersecurity Analyst
7.87,0,1,0,0,0,0,1,1,1,0,1,0,0,1,0,0,1,0,0,0,Business Analyst
8.38,0,0,0,1,1,0,1,1,1,1,0,0,0,1,0,0,1,1,1,0,UI/UX Designer
8.18,1,1,1,1,0,0,1,0,1,1,0,0,1,0,1,0,1,0,1,1,Cybersecurity Analyst
8.72,1,1,0,0,0,1,1,1,1,1,1,1,0,0,1,1,0,0,1,0,AI/ML Engineer
8.23,1,0,1,1,0,0,0,1,1,1,0,0,0,0,0,1,1,0,0,0,Data Analyst
8.03,0,0,0,1,1,0,1,1,1,1,0,0,0,1,1,0,0,1,0,0,UI/UX Designer
7.67,1,1,1,1,1,0,0,0,1,1,1,1,0,0,0,1,0,0,0,1,Software Developer
8.07,0,1,0,0,0,1,1,1,1,1,1,0,0,1,1,1,0,0,1,0,AI/ML Engineer
6.63,0,1,0,0,1,0,0,1,1,1,1,0,0,1,0,0,0,1,1,0,UI/UX Designer
8.2,1,0,0,0,1,0,1,1,1,1,1,0,0,0,1,1,1,0,0,0,Business Analyst
8.29,0,1,0,0,0,0,1,1,1,1,1,0,0,0,0,1,1,0,0,0,Business Analyst
7.58,0,0,0,0,1,0,1,1,1,0,1,0,0,1,0,0,0,1,1,0,UI/UX Designer
8.14,1,1,0,0,0,0,1,1,1,0,1,0,0,0,0,1,1,1,0,0,Business Analyst
7.71,0,1,1,1,1,0,1,0,1,1,0,0,0,0,1,1,0,0,1,0,Software Developer
7.77,1,0,0,1,0,0,1,0,1,1,1,0,1,0,1,0,0,0,0,1,Cybersecurity Analyst
7.88,1,1,1,1,0,0,0,0,0,1,1,1,0,0,1,0,0,0,0,0,Software Developer
7.56,1,0,1,1,1,0,1,1,0,1,0,1,1,0,1,0,0,0,0,1,Cybersecurity Analyst
7.49,0,1,0,0,0,0,1,1,1,0,1,0,0,0,1,0,1,0,0,0,Business Analyst
8.49,1,0,0,0,0,0,1,1,1,1,0,1,0,1,0,0,0,1,0,0,UI/UX Designer
8.37,0,1,1,0,1,1,1,1,1,0,0,0,0,1,1,1,1,0,0,0,Data Analyst
7.22,1,0,1,1,1,0,0,1,0,1,0,1,0,0,1,0,0,0,0,0,Software Developer
7.91,1,1,0,0,1,1,0,1,1,1,0,0,0,0,1,1,0,0,1,0,AI/ML Engineer
8.83,1,0,0,1,0,1,1,0,1,1,0,0,0,0,1,1,0,0,1,0,AI/ML Engineer
8.38,1,0,0,0,1,0,1,1,1,1,1,0,0,1,1,1,1,0,1,0,Business Analyst
8.46,0,1,0,0,0,0,1,1,1,0,1,1,0,1,0,1,1,1,0,0,Business Analyst
7.18,1,0,1,0,0,0,0,1,1,1,1,0,0,1,0,0,1,1,0,0,UI/UX Designer
6.94,1,1,1,0,0,0,0,1,1,1,0,1,0,0,0,1,1,0,0,0,Data Analyst
8.81,1,1,0,0,0,0,1,1,1,1,1,0,0,0,1,1,1,0,1,0,Data Analyst
8.85,1,1,0,1,0,1,1,0,0,1,0,0,0,0,1,1,0,0,0,1,AI/ML Engineer
8.63,1,0,0,1,0,1,1,1,1,1,0,1,0,0,1,1,0,0,1,1,AI/ML Engineer
6.76,0,0,1,0,1,0,0,0,1,1,1,0,0,1,1,0,1,1,0,0,UI/UX Designer
7.21,1,0,1,1,1,0,0,0,1,1,1,0,0,0,1,0,1,1,0,0,Software Developer
7.32,0,0,0,0,0,1,0,1,1,1,1,0,0,0,1,0,1,1,0,0,Business Analyst
8.28,0,0,0,0,1,0,0,0,1,1,1,0,0,1,1,0,1,1,1,0,UI/UX Designer
7.87,0,1,0,0,1,0,0,1,1,0,1,0,0,1,0,0,0,1,0,0,UI/UX Designer
6.78,0,1,0,0,0,0,0,1,1,1,1,0,0,0,1,1,1,1,0,0,Business Analyst
8.22,1,1,0,0,0,1,0,1,1,0,1,0,0,1,1,1,1,0,0,1,Data Analyst
7.69,1,0,0,1,0,0,0,0,0,1,0,1,1,0,1,0,1,0,1,1,Cybersecurity Analyst
8.12,1,1,0,0,0,0,0,1,1,1,0,0,0,0,1,1,1,0,0,0,Data Analyst
8.16,0,1,0,0,1,0,1,1,1,1,1,0,0,0,1,1,1,0,0,0,Business Analyst
8.5,1,1,0,0,0,1,1,1,0,1,1,0,0,0,1,1,0,0,1,0,AI/ML Engineer
7.77,0,0,0,0,0,0,0,1,1,1,1,0,0,0,1,1,1,0,0,0,Business Analyst
8.45,0,0,1,1,1,1,1,0,1,1,0,0,1,0,1,0,0,0,0,0,Software Developer
7.21,0,1,0,0,1,1,0,0,1,1,0,1,0,1,1,0,1,1,1,0,UI/UX Designer
6.84,0,1,1,1,1,0,1,0,0,1,0,1,0,0,1,0,0,0,0,0,Software Developer
9.56,1,1,0,1,0,0,1,0,1,1,0,1,0,1,1,1,0,0,1,1,AI/ML Engineer
7.26,1,1,1,0,1,0,0,1,0,1,1,0,0,1,1,0,0,0,0,0,Software Developer
8.52,0,0,0,0,0,0,1,1,1,0,1,0,0,0,1,1,1,1,0,0,Business Analyst
6.81,0,0,0,0,1,0,0,0,0,1,0,0,0,0,1,0,0,1,0,1,UI/UX Designer
8.23,1,0,0,1,1,0,0,0,1,1,0,1,0,1,1,0,1,0,0,1,Software Developer
8.03,0,1,0,0,0,0,1,1,1,1,1,0,0,1,1,0,1,0,1,0,Business Analyst
8.77,0,0,0,1,0,0,1,1,0,1,0,1,1,0,1,1,0,0,1,1,Cybersecurity Analyst
8.23,1,1,1,1,0,1,1,0,1,1,1,0,0,1,1,0,1,0,0,0,Software Developer
6.21,1,1,0,0,1,0,0,0,1,1,0,0,1,0,1,1,1,1,1,1,Cybersecurity Analyst
7.94,1,1,1,0,1,0,1,0,0,1,1,0,0,0,1,0,0,0,0,1,Software Developer
7.62,0,0,1,0,1,0,0,1,1,1,1,0,0,1,0,0,0,1,0,0,UI/UX Designer
7.23,1,0,1,0,1,0,0,1,0,1,1,0,0,1,0,0,1,1,0,0,UI/UX Designer
8.58,1,0,0,0,0,1,0,0,1,1,0,0,0,0,1,1,1,0,1,0,AI/ML Engineer
8.12,1,0,1,0,1,1,0,0,1,1,0,0,1,0,1,1,0,0,0,1,Cybersecurity Analyst
7.71,1,0,0,1,0,1,0,0,1,1,1,0,0,0,1,1,0,0,1,1,AI/ML Engineer
8.55,1,1,1,1,0,0,1,0,0,1,0,0,0,0,1,1,1,0,1,0,AI/ML Engineer
7.78,1,1,0,1,0,1,1,1,1,1,0,0,0,0,1,1,1,0,1,0,AI/ML Engineer
8.65,0,0,0,0,0,0,0,1,1,1,1,1,0,1,1,0,0,1,0,0,UI/UX Designer
7.54,0,1,0,0,0,0,1,1,1,0,1,1,0,1,1,1,1,0,0,0,Business Analyst
8.97,1,0,0,0,0,1,1,1,1,1,1,1,0,0,1,1,1,0,1,0,AI/ML Engineer
8.0,1,1,1,0,0,0,1,1,1,1,1,0,0,1,0,1,0,0,1,0,Data Analyst
8.3,1,0,0,0,1,1,1,1,0,1,0,1,0,0,1,1,0,0,1,0,AI/ML Engineer
9.19,1,1,0,1,0,1,1,1,0,1,1,0,0,0,1,1,1,0,1,0,AI/ML Engineer
9.47,1,0,1,1,0,1,1,0,1,1,0,0,0,0,1,1,1,0,0,1,AI/ML Engineer
8.88,0,0,0,0,0,1,1,1,1,1,1,0,0,0,1,1,0,0,0,0,AI/ML Engineer
8.16,1,1,1,0,0,1,1,0,1,1,0,0,1,0,1,1,0,1,1,0,AI/ML Engineer
6.37,0,0,0,0,1,0,0,1,1,1,1,0,0,1,1,0,1,1,0,0,UI/UX Designer
8.07,1,1,0,1,0,1,1,1,1,1,1,1,0,1,1,1,0,0,0,1,AI/ML Engineer
8.7,1,1,0,0,0,0,1,1,1,1,1,0,0,0,0,1,1,0,0,0,Business Analyst
7.56,0,0,0,0,1,0,0,1,1,1,1,0,0,1,0,1,1,1,0,0,UI/UX Designer
7.72,0,0,0,0,0,1,1,1,1,0,1,0,0,0,0,0,1,0,1,0,Data Analyst
8.31,1,1,1,1,1,0,0,0,0,1,0,0,0,0,1,1,0,1,0,0,Software Developer
8.14,0,1,0,1,1,0,1,0,0,1,1,1,0,1,1,0,1,0,0,0,Software Developer
8.95,1,1,0,0,1,1,1,0,0,1,1,1,0,0,1,1,1,0,0,0,Data Analyst
6.5,1,1,1,0,0,0,1,1,1,1,0,0,0,1,0,1,1,0,0,0,Data Analyst
6.56,0,1,1,0,1,0,0,0,0,1,1,0,0,0,1,1,0,0,0,0,Software Developer
7.64,0,0,0,0,1,0,0,1,1,0,0,0,0,0,1,1,1,0,0,0,Business Analyst
7.75,1,1,0,0,0,0,1,0,1,1,1,0,0,0,0,1,1,0,0,0,Business Analyst
8.94,1,1,0,0,0,1,1,1,1,1,0,0,0,0,1,1,0,1,1,1,AI/ML Engineer
8.16,1,1,0,0,0,0,1,1,1,1,1,0,0,0,0,1,1,0,1,0,Business Analyst
7.65,1,1,0,0,0,0,0,0,0,1,1,0,0,0,0,1,1,0,1,0,Business Analyst
7.64,1,1,0,0,0,0,1,1,1,1,1,0,0,0,1,1,1,0,0,0,Business Analyst
7.94,0,0,1,1,1,1,0,0,1,1,0,0,1,0,1,0,0,1,1,0,Software Developer
7.84,0,1,0,0,1,0,0,1,1,1,1,1,0,0,0,1,1,0,0,1,Business Analyst
6.92,0,0,0,0,1,0,0,0,1,1,1,0,0,1,1,0,0,1,0,0,UI/UX Designer
7.27,0,1,0,0,0,0,0,1,1,1,1,0,1,0,1,1,1,0,1,0,Business Analyst
8.92,1,0,0,0,0,1,1,0,0,1,0,1,0,0,1,1,0,0,1,1,AI/ML Engineer
6.85,0,1,0,0,0,0,1,0,1,1,0,0,0,0,1,1,1,0,0,0,Data Analyst
8.06,1,1,1,1,1,0,0,1,0,1,1,1,0,0,1,1,0,1,0,0,Software Developer
7.74,0,1,0,0,0,0,1,1,1,1,1,0,0,0,1,1,1,0,1,0,Business Analyst
6.81,1,1,1,1,1,1,1,1,1,0,0,0,0,0,1,1,1,0,0,0,Data Analyst
8.46,1,1,1,1,1,1,1,1,0,1,0,1,0,0,1,1,0,1,1,0,AI/ML Engineer
9.43,0,0,1,1,1,0,0,0,0,1,0,1,0,0,0,0,1,0,0,0,Software Developer
8.88,1,1,0,0,0,1,1,1,1,1,0,0,0,1,1,1,1,0,0,1,Data Analyst
7.72,0,1,0,0,0,1,0,0,1,1,1,0,0,0,0,0,1,1,0,0,Business Analyst
8.43,1,1,0,1,0,1,1,1,0,1,0,0,1,0,1,1,0,1,1,1,AI/ML Engineer
8.11,1,1,1,1,0,1,0,0,1,1,0,0,0,0,1,0,0,0,1,0,Software Developer
7.07,1,0,0,1,0,0,0,0,1,1,0,0,0,0,1,0,0,0,1,1,Cybersecurity Analyst
7.51,1,1,0,0,0,1,0,1,1,1,0,0,0,0,1,1,1,0,0,0,Data Analyst
7.12,1,0,1,1,0,0,0,0,1,1,0,0,1,0,1,0,0,0,1,1,Cybersecurity Analyst
9.22,1,1,1,1,1,0,1,0,0,1,0,1,1,1,1,0,0,0,0,0,Software Developer
8.53,1,1,0,1,1,0,0,0,0,1,0,1,1,0,1,0,0,0,0,1,Cybersecurity Analyst
7.35,1,1,1,1,0,1,0,0,0,1,0,1,0,0,1,1,1,0,0,0,Software Developer
6.85,0,0,0,0,1,0,0,0,1,1,1,1,0,1,0,1,1,1,0,0,UI/UX Designer
7.62,0,1,1,1,1,0,0,1,1,1,0,1,1,0,1,0,0,0,1,1,Cybersecurity Analyst
7.2,1,1,0,1,0,0,1,0,1,1,0,0,0,0,1,0,0,0,1,1,Cybersecurity Analyst
8.11,1,0,1,0,1,0,1,1,1,1,1,0,0,0,1,0,0,0,1,0,Software Developer
7.4,0,1,0,0,1,0,1,1,1,1,1,0,0,0,0,0,1,0,1,0,Business Analyst
7.83,0,0,0,0,0,0,1,0,0,0,1,0,0,1,0,1,1,1,1,0,UI/UX Designer
8.05,0,1,0,0,0,0,0,1,1,1,1,0,0,0,1,1,1,0,1,0,Business Analyst
7.12,1,1,0,1,0,0,1,1,1,1,0,0,0,0,1,1,1,0,1,0,Data Analyst
8.93,1,0,1,1,0,1,1,1,0,1,0,1,1,0,0,1,1,0,1,1,AI/ML Engineer
7.82,1,1,0,1,0,0,0,1,0,1,0,0,0,1,1,1,1,0,0,0,Data Analyst
7.5,1,1,0,0,0,0,0,1,1,1,0,0,0,1,1,1,0,1,0,0,UI/UX Designer
7.15,1,0,1,1,1,0,0,0,0,0,0,0,0,0,1,1,0,0,0,0,Software Developer
8.13,1,0,0,1,0,0,1,1,0,1,1,1,1,1,1,0,0,0,1,1,Cybersecurity Analyst
8.06,1,0,0,0,0,0,1,1,1,1,1,0,0,0,1,0,0,0,0,0,Business Analyst
7.48,1,0,0,1,1,0,1,0,0,1,1,0,0,0,1,0,1,0,0,1,Cybersecurity Analyst
8.02,1,0,1,1,1,0,0,0,0,1,0,0,1,0,1,1,0,0,0,0,Software Developer
7.77,1,1,1,1,1,0,0,0,0,1,0,0,0,0,1,0,0,0,0,0,Software Developer
7.39,0,0,0,0,1,0,1,0,1,0,0,0,0,1,0,1,1,0,0,0,Data Analyst
7.69,0,0,1,1,0,0,1,0,1,1,0,0,0,0,1,0,1,0,0,1,Cybersecurity Analyst
7.85,1,1,0,1,1,0,0,0,0,1,0,1,0,1,1,0,0,0,1,0,Software Developer
7.33,1,1,1,0,0,0,0,0,0,1,1,1,1,0,1,0,1,0,0,1,Software Developer
7.72,1,0,0,1,0,0,0,0,1,1,0,0,1,0,1,0,1,0,1,1,Cybersecurity Analyst
7.24,1,1,1,0,0,1,0,1,1,1,0,0,0,1,1,0,0,1,0,0,UI/UX Designer
7.86,1,1,0,1,1,0,0,0,1,1,0,1,1,0,1,0,0,1,1,0,Cybersecurity Analyst
7.12,0,1,0,0,0,0,0,0,1,1,0,0,1,0,1,1,0,0,0,1,Cybersecurity Analyst
7.47,0,0,0,1,1,0,0,1,1,0,0,0,0,1,1,1,1,1,0,0,UI/UX Designer
7.68,1,1,0,0,1,1,1,1,1,1,1,1,1,0,1,1,0,0,1,1,AI/ML Engineer
8.66,1,1,1,1,1,1,0,1,1,1,0,0,1,0,1,1,0,0,1,0,AI/ML Engineer
8.04,0,1,0,0,0,1,0,0,1,1,1,0,1,0,1,0,1,0,0,1,Cybersecurity Analyst
7.59,1,1,1,1,0,0,0,0,1,1,0,0,1,1,1,1,1,0,0,0,Software Developer
7.5,1,1,0,0,0,0,1,1,1,1,1,1,1,0,0,0,1,0,1,0,Business Analyst
7.77,1,0,0,1,0,0,0,0,0,1,0,1,1,0,0,0,0,0,0,1,Cybersecurity Analyst
7.08,0,1,0,0,1,0,0,0,1,1,0,0,0,1,1,0,0,1,0,0,UI/UX Designer
7.58,1,0,0,0,0,0,1,1,1,1,0,0,0,0,0,1,0,1,0,0,Data Analyst
7.34,1,0,1,1,1,0,0,0,1,0,0,0,0,0,1,0,1,1,1,0,Software Developer
8.27,1,1,0,0,1,0,1,0,0,1,0,1,1,0,1,0,0,0,1,1,Cybersecurity Analyst
7.0,1,0,0,0,1,0,0,0,1,0,0,1,1,0,1,0,1,1,1,1,Cybersecurity Analyst
8.07,1,1,0,1,0,1,1,0,1,1,0,0,0,0,1,1,0,1,1,0,AI/ML Engineer
7.91,0,1,0,0,0,1,0,1,1,1,1,0,0,0,1,1,1,0,0,0,Business Analyst
8.5,1,1,0,0,1,0,0,1,1,1,1,0,0,0,0,0,1,0,0,0,Business Analyst
7.87,1,0,0,1,0,0,0,0,1,1,0,0,1,0,1,1,0,0,1,1,Cybersecurity Analyst
8.58,1,1,0,0,0,1,0,1,0,0,0,0,0,0,0,1,1,0,1,0,Data Analyst
7.97,0,1,0,0,0,0,1,1,1,0,0,1,0,0,1,0,1,0,0,0,Business Analyst
7.91,1,1,1,1,1,0,0,1,1,1,0,0,0,0,1,1,0,1,0,0,Software Developer
7.69,1,1,1,1,1,0,1,0,1,1,0,1,1,1,1,0,0,0,1,1,Cybersecurity Analyst
8.1,0,0,0,0,1,0,0,0,1,1,1,0,0,1,1,1,1,1,0,1,UI/UX Designer
8.14,0,0,1,0,0,0,1,1,1,1,1,0,1,0,0,1,0,0,0,1,Cybersecurity Analyst
8.17,1,1,0,0,0,0,1,1,1,1,1,0,0,0,1,0,1,0,0,0,Business Analyst
8.24,1,0,0,0,1,1,1,1,1,1,0,1,0,0,1,1,0,0,1,1,AI/ML Engineer
8.57,1,0,1,0,1,0,1,0,1,1,0,0,1,0,1,0,0,0,1,0,Software Developer
8.47,1,0,0,1,0,1,1,0,0,1,0,0,0,0,1,1,0,0,1,0,AI/ML Engineer
7.2,0,0,0,0,1,0,0,1,1,1,1,0,1,1,1,0,0,1,0,0,UI/UX Designer
7.75,1,0,0,1,1,0,1,1,1,0,0,1,1,0,1,1,0,0,0,1,Cybersecurity Analyst
8.21,1,1,0,0,1,1,1,0,1,0,1,1,0,0,1,1,1,0,0,0,Data Analyst
7.53,0,1,1,0,1,0,0,1,1,1,0,1,0,1,0,0,1,1,0,0,UI/UX Designer
7.78,1,1,0,1,0,1,1,0,0,1,1,0,0,0,1,1,0,0,1,0,AI/ML Engineer
7.64,1,0,0,1,1,1,1,1,0,1,0,0,0,0,1,1,0,1,1,0,AI/ML Engineer
8.06,0,1,0,1,1,0,0,0,0,1,0,0,1,0,1,1,0,0,0,1,Cybersecurity Analyst
8.3,1,0,1,1,0,0,1,0,0,1,0,1,1,0,1,0,0,0,1,1,Cybersecurity Analyst
7.71,1,0,0,1,0,1,0,0,1,1,1,0,1,0,1,1,0,0,0,1,Cybersecurity Analyst
8.79,1,0,0,1,1,1,1,1,1,1,0,0,0,0,1,1,0,0,1,0,AI/ML Engineer
8.13,0,0,0,0,0,0,1,1,1,1,1,0,0,1,1,0,0,1,1,0,UI/UX Designer
7.82,1,1,0,1,0,1,1,1,1,1,0,1,0,0,1,1,0,1,1,0,Data Analyst
7.43,0,0,0,0,1,0,0,1,1,1,0,0,0,1,0,0,0,1,0,0,UI/UX Designer
8.71,0,1,0,1,0,1,1,1,1,1,0,0,0,0,1,1,0,1,1,0,AI/ML Engineer
7.61,1,0,1,1,0,0,0,0,1,1,1,1,0,0,1,1,0,1,1,0,Software Developer
7.12,1,0,0,1,0,0,0,0,1,1,0,0,1,0,1,1,1,0,0,1,Cybersecurity Analyst
7.67,1,1,0,0,0,0,1,1,1,1,1,0,0,1,1,1,1,1,0,0,Data Analyst
8.4,1,1,1,1,1,0,1,0,1,0,0,0,1,0,1,0,0,0,0,0,Software Developer
8.2,0,1,0,0,0,0,0,1,1,1,1,0,0,0,0,0,1,0,0,0,Business Analyst
7.47,1,1,0,1,0,1,1,0,1,0,0,0,0,0,1,1,0,0,1,0,AI/ML Engineer
7.31,0,1,0,0,0,0,0,1,1,1,1,0,0,1,1,1,1,0,0,0,Data Analyst
6.15,1,0,0,0,0,0,0,1,1,0,1,1,0,1,1,0,1,1,0,0,UI/UX Designer
7.68,0,1,0,0,0,0,0,0,1,0,0,0,0,1,0,0,0,1,0,0,UI/UX Designer
7.2,1,1,0,0,0,0,1,1,1,0,0,0,0,0,1,1,0,0,0,0,Data Analyst
8.03,1,1,0,0,0,0,0,1,1,1,1,0,0,0,0,0,1,1,0,0,Business Analyst
7.49,1,1,0,0,0,0,1,1,1,0,1,0,0,1,1,0,1,1,1,0,Business Analyst
6.0,1,0,0,0,0,0,0,1,1,1,1,0,0,1,0,0,1,1,1,0,UI/UX Designer
7.56,0,0,0,0,1,0,1,1,1,0,0,0,0,1,1,0,0,1,1,0,UI/UX Designer
7.0,0,1,0,1,1,0,1,0,0,1,0,0,1,1,1,1,0,0,0,1,Cybersecurity Analyst
8.44,1,1,0,0,0,1,1,1,1,1,0,0,0,0,1,1,0,1,0,0,Data Analyst
7.63,1,0,1,0,1,0,0,1,1,1,1,0,0,0,0,0,0,1,1,0,UI/UX Designer
6.17,0,0,0,0,1,0,1,1,1,1,0,0,0,1,0,1,0,1,0,0,UI/UX Designer
